Filename,Category
Img1137.jpg,Adults
Img3633.jpg,Adults
Img1474.jpg,Adults
Img3459.jpg,Toddler
Img5578.jpg,Teenagers
Img5052.jpg,Teenagers
Img1794.jpg,Adults
Img6559.jpg,Toddler
Img5086.jpg,Adults
Img1401.jpg,Adults
Img3550.jpg,Toddler
Img5747.jpg,Toddler
Img1283.jpg,Adults
Img3603.jpg,Adults
Img1806.jpg,Adults
Img1153.jpg,Adults
Img1370.jpg,Teenagers
Img5335.jpg,Toddler
Img1038.jpg,Adults
Img6068.jpg,Teenagers
Img4628.jpg,Teenagers
Img2294.jpg,Adults
Img5140.jpg,Teenagers
Img2192.jpg,Teenagers
Img1716.jpg,Teenagers
Img1444.jpg,Adults
Img4105.jpg,Teenagers
Img1389.jpg,Toddler
Img2090.jpg,Adults
Img3128.jpg,Teenagers
Img1288.jpg,Adults
Img5656.jpg,Adults
Img6871.jpg,Teenagers
Img1248.jpg,Teenagers
Img1093.jpg,Adults
Img3051.jpg,Adults
Img4982.jpg,Teenagers
Img1403.jpg,Adults
Img3657.jpg,Toddler
Img6051.jpg,Adults
Img2151.jpg,Teenagers
Img1488.jpg,Adults
Img3429.jpg,Adults
Img1338.jpg,Teenagers
Img3171.jpg,Toddler
Img2447.jpg,Adults
Img1631.jpg,Teenagers
Img3942.jpg,Teenagers
Img1388.jpg,Adults
Img2018.jpg,Adults
Img1541.jpg,Adults
Img1115.jpg,Teenagers
Img1797.jpg,Adults
Img2301.jpg,Adults
Img2426.jpg,Teenagers
Img2369.jpg,Teenagers
Img1154.jpg,Adults
Img1331.jpg,Toddler
Img2196.jpg,Teenagers
Img1654.jpg,Teenagers
Img1780.jpg,Teenagers
Img7681.jpg,Adults
Img2255.jpg,Teenagers
Img1020.jpg,Adults
Img2270.jpg,Teenagers
Img1156.jpg,Teenagers
Img2235.jpg,Teenagers
Img2227.jpg,Adults
Img3120.jpg,Teenagers
Img2485.jpg,Adults
Img7678.jpg,Teenagers
Img1304.jpg,Adults
Img1157.jpg,Teenagers
Img1109.jpg,Teenagers
Img1728.jpg,Adults
Img1484.jpg,Adults
Img3142.jpg,Teenagers
Img2586.jpg,Teenagers
Img3835.jpg,Teenagers
Img3881.jpg,Teenagers
Img2145.jpg,Adults
Img1850.jpg,Teenagers
Img6695.jpg,Teenagers
Img2220.jpg,Adults
Img1864.jpg,Teenagers
Img1928.jpg,Teenagers
Img2073.jpg,Adults
Img2524.jpg,Adults
Img1704.jpg,Adults
Img2363.jpg,Adults
Img2267.jpg,Adults
Img7867.jpg,Teenagers
Img1001.jpg,Teenagers
Img1337.jpg,Adults
Img2885.jpg,Toddler
Img5667.jpg,Teenagers
Img1286.jpg,Adults
Img2465.jpg,Teenagers
Img3114.jpg,Teenagers
Img4328.jpg,Teenagers
Img3211.jpg,Teenagers
Img1136.jpg,Teenagers
Img1621.jpg,Toddler
Img5128.jpg,Adults
Img2311.jpg,Adults
Img3148.jpg,Adults
Img3081.jpg,Adults
Img3606.jpg,Adults
Img2247.jpg,Adults
Img2940.jpg,Adults
Img2229.jpg,Teenagers
Img2316.jpg,Adults
Img6122.jpg,Toddler
Img2618.jpg,Adults
Img1875.jpg,Adults
Img4218.jpg,Toddler
Img3922.jpg,Teenagers
Img2351.jpg,Adults
Img2216.jpg,Adults
Img1647.jpg,Toddler
Img2228.jpg,Adults
Img7126.jpg,Teenagers
Img1989.jpg,Adults
Img5705.jpg,Adults
Img1981.jpg,Adults
Img2125.jpg,Teenagers
Img1753.jpg,Teenagers
Img3660.jpg,Teenagers
Img2155.jpg,Teenagers
Img2055.jpg,Adults
Img3741.jpg,Adults
Img1925.jpg,Adults
Img2154.jpg,Adults
Img1787.jpg,Toddler
Img4163.jpg,Adults
Img1740.jpg,Teenagers
Img1186.jpg,Adults
Img1415.jpg,Adults
Img5066.jpg,Adults
Img6153.jpg,Teenagers
Img1212.jpg,Teenagers
Img7560.jpg,Adults
Img2445.jpg,Teenagers
Img5336.jpg,Toddler
Img3026.jpg,Teenagers
Img1562.jpg,Adults
Img3669.jpg,Teenagers
Img4606.jpg,Adults
Img1090.jpg,Adults
Img3034.jpg,Toddler
Img3931.jpg,Adults
Img1823.jpg,Teenagers
Img1439.jpg,Adults
Img2134.jpg,Teenagers
Img3096.jpg,Adults
Img2704.jpg,Teenagers
Img2286.jpg,Teenagers
Img4179.jpg,Toddler
Img2190.jpg,Adults
Img1546.jpg,Teenagers
Img3823.jpg,Adults
Img1064.jpg,Adults
Img6376.jpg,Teenagers
Img7345.jpg,Teenagers
Img2863.jpg,Adults
Img7195.jpg,Teenagers
Img1310.jpg,Adults
Img2954.jpg,Teenagers
Img3413.jpg,Adults
Img4339.jpg,Adults
Img6454.jpg,Adults
Img3374.jpg,Adults
Img3222.jpg,Adults
Img1393.jpg,Adults
Img2454.jpg,Adults
Img2046.jpg,Adults
Img6896.jpg,Adults
Img1569.jpg,Teenagers
Img3024.jpg,Teenagers
Img7976.jpg,Teenagers
Img5768.jpg,Adults
Img1776.jpg,Adults
Img1298.jpg,Teenagers
Img1122.jpg,Adults
Img1844.jpg,Adults
Img2297.jpg,Adults
Img5182.jpg,Adults
Img6426.jpg,Adults
Img1025.jpg,Teenagers
Img1847.jpg,Teenagers
Img1746.jpg,Teenagers
Img1771.jpg,Teenagers
Img7683.jpg,Toddler
Img6057.jpg,Toddler
Img3382.jpg,Adults
Img3350.jpg,Teenagers
Img1909.jpg,Adults
Img2967.jpg,Teenagers
Img1931.jpg,Adults
Img3907.jpg,Teenagers
Img1839.jpg,Teenagers
Img1628.jpg,Teenagers
Img4549.jpg,Adults
Img2813.jpg,Teenagers
Img5576.jpg,Toddler
Img1311.jpg,Teenagers
Img1922.jpg,Teenagers
Img1915.jpg,Teenagers
Img2642.jpg,Teenagers
Img6615.jpg,Teenagers
Img2082.jpg,Teenagers
Img3740.jpg,Adults
Img1182.jpg,Teenagers
Img5456.jpg,Teenagers
Img1573.jpg,Teenagers
Img3194.jpg,Adults
Img1270.jpg,Teenagers
Img1168.jpg,Teenagers
Img2924.jpg,Teenagers
Img6458.jpg,Teenagers
Img2406.jpg,Adults
Img5694.jpg,Teenagers
Img1466.jpg,Teenagers
Img3433.jpg,Adults
Img1971.jpg,Teenagers
Img2391.jpg,Adults
Img1950.jpg,Adults
Img1819.jpg,Teenagers
Img7862.jpg,Adults
Img2085.jpg,Adults
Img1601.jpg,Teenagers
Img7078.jpg,Teenagers
Img2501.jpg,Adults
Img2439.jpg,Teenagers
Img1699.jpg,Teenagers
Img1175.jpg,Teenagers
Img3978.jpg,Adults
Img3629.jpg,Adults
Img2365.jpg,Adults
Img3687.jpg,Adults
Img3983.jpg,Adults
Img1451.jpg,Teenagers
Img1448.jpg,Adults
Img3496.jpg,Toddler
Img3074.jpg,Adults
Img1369.jpg,Adults
Img6271.jpg,Adults
Img3917.jpg,Adults
Img1535.jpg,Adults
Img7243.jpg,Teenagers
Img2318.jpg,Teenagers
Img6949.jpg,Teenagers
Img3469.jpg,Adults
Img5245.jpg,Teenagers
Img3353.jpg,Adults
Img1766.jpg,Toddler
Img7417.jpg,Teenagers
Img1612.jpg,Toddler
Img1155.jpg,Adults
Img3976.jpg,Adults
Img1530.jpg,Teenagers
Img1077.jpg,Adults
Img2672.jpg,Adults
Img4513.jpg,Toddler
Img1851.jpg,Teenagers
Img3356.jpg,Adults
Img5354.jpg,Teenagers
Img1955.jpg,Adults
Img1279.jpg,Adults
Img1826.jpg,Adults
Img1305.jpg,Adults
Img1792.jpg,Teenagers
Img2017.jpg,Adults
Img1417.jpg,Teenagers
Img2081.jpg,Adults
Img1472.jpg,Adults
Img2602.jpg,Teenagers
Img1114.jpg,Teenagers
Img4934.jpg,Teenagers
Img1733.jpg,Adults
Img2307.jpg,Teenagers
Img1208.jpg,Adults
Img1811.jpg,Adults
Img2629.jpg,Teenagers
Img1073.jpg,Teenagers
Img1017.jpg,Adults
Img2420.jpg,Teenagers
Img5852.jpg,Adults
Img1071.jpg,Teenagers
Img1382.jpg,Adults
Img2502.jpg,Teenagers
Img1499.jpg,Adults
Img3731.jpg,Teenagers
Img3247.jpg,Teenagers
Img1872.jpg,Teenagers
Img1252.jpg,Teenagers
Img7434.jpg,Teenagers
Img7130.jpg,Teenagers
Img3033.jpg,Teenagers
Img2478.jpg,Adults
Img1183.jpg,Teenagers
Img1360.jpg,Teenagers
Img2061.jpg,Adults
Img2685.jpg,Adults
Img1868.jpg,Adults
Img7147.jpg,Teenagers
Img2677.jpg,Teenagers
Img2455.jpg,Adults
Img4834.jpg,Adults
Img2040.jpg,Teenagers
Img1951.jpg,Adults
Img5148.jpg,Teenagers
Img3968.jpg,Teenagers
Img6290.jpg,Toddler
